Province_State,Country_Region,Lat,Long_,1/22/20,1/23/20,1/24/20,1/25/20,1/26/20,1/27/20,1/28/20,1/29/20,1/30/20,1/31/20,2/1/20,2/2/20,2/3/20,2/4/20,2/5/20,2/6/20,2/7/20,2/8/20,2/9/20,2/10/20,2/11/20,2/12/20,2/13/20,2/14/20,2/15/20,2/16/20,2/17/20,2/18/20,2/19/20,2/20/20,2/21/20,2/22/20,2/23/20,2/24/20,2/25/20,2/26/20,2/27/20,2/28/20,2/29/20,3/1/20,3/2/20,3/3/20,3/4/20,3/5/20,3/6/20,3/7/20,3/8/20,3/9/20,3/10/20,3/11/20,3/12/20,3/13/20,3/14/20,3/15/20,3/16/20,3/17/20,3/18/20,3/19/20,3/20/20,3/21/20,3/22/20,3/23/20,3/24/20,3/25/20,3/26/20,3/27/20,3/28/20,3/29/20,3/30/20,3/31/20,4/1/20,4/2/20,4/3/20,4/4/20,4/5/20,4/6/20,4/7/20,4/8/20,4/9/20,4/10/20,4/11/20,4/12/20,4/13/20,4/14/20,4/15/20,4/16/20,4/17/20,4/18/20,4/19/20,4/20/20,4/21/20,4/22/20,4/23/20,4/24/20,4/25/20,4/26/20,4/27/20,4/28/20,4/29/20,4/30/20,5/1/20,5/2/20,5/3/20,5/4/20,5/5/20,5/6/20,5/7/20,5/8/20,5/9/20,5/10/20,5/11/20,5/12/20,5/13/20,5/14/20,5/15/20,5/16/20,5/17/20,5/18/20,5/19/20,5/20/20,5/21/20,5/22/20,5/23/20,5/24/20,5/25/20,5/26/20,5/27/20,5/28/20,5/29/20,5/30/20,5/31/20,6/1/20,6/2/20,6/3/20,6/4/20,6/5/20,6/6/20,6/7/20,6/8/20,6/9/20,6/10/20,6/11/20,6/12/20,6/13/20,6/14/20,6/15/20,6/16/20,6/17/20,6/18/20,6/19/20,6/20/20,6/21/20,6/22/20,6/23/20,6/24/20,6/25/20,6/26/20,6/27/20,6/28/20,6/29/20,6/30/20,7/1/20,7/2/20,7/3/20,7/4/20,7/5/20,7/6/20,7/7/20,7/8/20,7/9/20,7/10/20,7/11/20,7/12/20,7/13/20,7/14/20,7/15/20,7/16/20,7/17/20,7/18/20,7/19/20,7/20/20,7/21/20,7/22/20,7/23/20,7/24/20,7/25/20,7/26/20,7/27/20,7/28/20,7/29/20,7/30/20,7/31/20,8/1/20,8/2/20,8/3/20,8/4/20,8/5/20,8/6/20,8/7/20,8/8/20,8/9/20,8/10/20,8/11/20,8/12/20,8/13/20,8/14/20,8/15/20,8/16/20,8/17/20,8/18/20,8/19/20,8/20/20,8/21/20,8/22/20,8/23/20,8/24/20,8/25/20,8/26/20,8/27/20,8/28/20,8/29/20,8/30/20,8/31/20,9/1/20,9/2/20,9/3/20,9/4/20,9/5/20,9/6/20,9/7/20,9/8/20,9/9/20,9/10/20,9/11/20,9/12/20,9/13/20,9/14/20,9/15/20,9/16/20,9/17/20,9/18/20,9/19/20,9/20/20,9/21/20,9/22/20,9/23/20,9/24/20,9/25/20,9/26/20,9/27/20,9/28/20,9/29/20,9/30/20,10/1/20,10/2/20,10/3/20,10/4/20,10/5/20,10/6/20,10/7/20,10/8/20,10/9/20,10/10/20,10/11/20,10/12/20,10/13/20,10/14/20,10/15/20,10/16/20,10/17/20,10/18/20,10/19/20,10/20/20,10/21/20,10/22/20,10/23/20,10/24/20,10/25/20,10/26/20,10/27/20,10/28/20,10/29/20,10/30/20,10/31/20,11/1/20,11/2/20,11/3/20,11/4/20,11/5/20,11/6/20,11/7/20,11/8/20,11/9/20,11/10/20,11/11/20,11/12/20,11/13/20,11/14/20,11/15/20,11/16/20,11/17/20,11/18/20,11/19/20,11/20/20,11/21/20,11/22/20,11/23/20,11/24/20,11/25/20,11/26/20,11/27/20,11/28/20,11/29/20,11/30/20,12/1/20,12/2/20,12/3/20
Alabama,US,32.31823,-86.902298,0,0,0,0,0,0,0,0,0,0,0,0,0,0,0,0,0,0,0,0,0,0,0,0,0,0,0,0,0,0,0,0,0,0,0,0,0,0,0,0,0,0,0,0,0,0,0,0,0,0,0,0,0,0,0,0,0,0,0,0,0,0,0,0,1,3,4,9,11,23,28,32,38,44,45,52,64,67,78,80,93,93,103,114,123,137,144,147,160,164,186,197,201,209,213,219,228,242,255,272,289,289,290,298,315,343,369,383,390,393,403,435,450,473,483,485,488,489,504,517,529,541,549,551,566,580,583,591,610,620,631,646,653,653,653,676,689,692,718,729,744,755,769,773,773,774,785,790,810,822,838,839,841,864,891,896,907,919,919,929,950,972,985,1006,1007,1007,1007,1033,1058,1068,1104,1114,1121,1124,1164,1211,1230,1265,1286,1287,1291,1303,1364,1397,1438,1456,1473,1491,1491,1538,1565,1580,1603,1627,1633,1666,1695,1714,1735,1755,1768,1797,1847,1882,1890,1894,1896,1898,1925,1936,1944,1974,1990,2011,2013,2024,2037,2045,2076,2107,2152,2162,2182,2200,2217,2233,2257,2275,2276,2276,2277,2285,2301,2333,2350,2351,2355,2387,2392,2401,2428,2437,2437,2439,2457,2488,2488,2491,2501,2501,2501,2517,2540,2548,2550,2558,2558,2559,2580,2601,2637,2653,2664,2664,2665,2665,2706,2756,2786,2788,2788,2789,2805,2828,2843,2859,2866,2866,2866,2892,2911,2914,2932,2967,2973,2973,2987,3006,3026,3049,3082,3084,3084,3120,3201,3213,3231,3246,3248,3249,3301,3347,3419,3451,3457,3457,3459,3472,3532,3572,3572,3572,3577,3578,3638,3711,3776
Alaska,US,66.160507,-153.369141,0,0,0,0,0,0,0,0,0,0,0,0,0,0,0,0,0,0,0,0,0,0,0,0,0,0,0,0,0,0,0,0,0,0,0,0,0,0,0,0,0,0,0,0,0,0,0,0,0,0,0,0,0,0,0,0,0,0,0,0,0,0,0,0,0,1,2,2,2,3,3,3,3,5,6,6,6,7,7,7,8,8,8,9,9,9,9,9,9,9,9,9,9,9,9,9,9,9,9,9,9,9,9,9,9,10,10,10,10,10,10,10,10,10,10,10,10,10,10,10,10,10,10,10,10,10,10,10,10,10,10,10,10,10,10,10,10,10,10,11,11,11,12,12,12,12,12,12,12,12,12,12,12,12,12,12,14,14,14,14,14,14,14,15,16,16,16,17,17,17,17,17,17,17,17,17,17,17,18,18,18,18,19,19,19,20,20,21,22,22,23,23,24,24,25,25,25,25,25,26,26,26,26,27,27,27,28,28,28,29,29,29,30,31,32,32,36,37,37,37,37,37,37,39,39,40,40,42,42,42,42,42,42,43,44,44,44,44,44,44,45,45,45,45,45,45,46,51,52,56,56,56,56,57,57,58,58,58,58,59,60,60,60,60,60,60,64,65,66,67,67,67,67,68,68,68,68,68,68,70,71,77,81,82,83,84,84,84,84,84,84,84,84,92,96,96,97,98,98,98,99,100,100,100,101,102,102,115,115,118,118,120,120,120,121,121,129
Arizona,US,34.048927,-111.093735,0,0,0,0,0,0,0,0,0,0,0,0,0,0,0,0,0,0,0,0,0,0,0,0,0,0,0,0,0,0,0,0,0,0,0,0,0,0,0,0,0,0,0,0,0,0,0,0,0,0,0,0,0,0,0,0,0,0,0,1,2,2,5,6,8,13,15,17,20,24,29,32,41,52,64,65,73,80,89,97,108,115,122,131,142,150,169,177,184,187,208,229,249,266,273,275,275,293,304,320,330,348,362,362,395,426,450,517,532,536,542,562,594,624,651,679,680,686,704,747,763,775,799,800,806,807,831,857,885,903,906,917,941,981,996,1012,1042,1044,1047,1070,1095,1127,1144,1183,1186,1194,1219,1239,1271,1312,1338,1339,1342,1384,1463,1490,1535,1579,1588,1588,1632,1720,1757,1788,1805,1809,1810,1927,1963,2038,2082,2151,2237,2245,2337,2434,2492,2583,2730,2761,2784,2918,2974,3063,3142,3286,3304,3304,3408,3454,3626,3694,3747,3765,3779,3845,3932,4002,4081,4137,4150,4154,4199,4347,4383,4423,4492,4506,4506,4529,4634,4684,4688,4756,4771,4771,4792,4896,4929,4978,5007,5030,5030,5044,5065,5130,5171,5207,5219,5219,5221,5251,5273,5288,5315,5322,5322,5344,5371,5409,5451,5467,5476,5478,5498,5525,5559,5587,5622,5622,5623,5632,5650,5674,5693,5705,5706,5707,5713,5733,5743,5746,5759,5759,5759,5767,5772,5789,5806,5824,5827,5830,5837,5854,5859,5865,5869,5874,5875,5891,5905,5918,5934,5979,5981,5982,6020,6059,6087,6109,6147,6164,6164,6192,6228,6240,6257,6300,6302,6302,6312,6365,6384,6427,6457,6464,6464,6515,6524,6568,6588,6624,6634,6639,6687,6739,6821
Arkansas,US,34.799999,-92.199997,0,0,0,0,0,0,0,0,0,0,0,0,0,0,0,0,0,0,0,0,0,0,0,0,0,0,0,0,0,0,0,0,0,0,0,0,0,0,0,0,0,0,0,0,0,0,0,0,0,0,0,0,0,0,0,0,0,0,0,0,0,0,2,2,2,3,5,6,7,8,10,12,12,14,16,16,18,18,21,24,25,27,30,32,34,37,37,38,39,42,42,44,45,47,48,50,51,58,60,62,65,74,79,84,86,92,93,93,93,96,99,100,102,103,103,103,103,105,107,113,116,119,121,122,123,125,126,132,140,141,141,141,144,151,161,162,164,164,165,172,177,184,190,191,193,196,203,213,226,233,245,246,248,260,263,263,273,285,291,292,298,306,308,310,316,317,323,333,338,343,348,355,357,359,368,373,380,394,399,399,406,419,426,433,442,448,450,458,481,488,497,510,518,523,536,553,574,582,589,605,615,628,641,649,659,665,680,680,684,702,716,728,753,766,781,791,808,832,840,860,878,892,907,927,958,981,995,1005,1019,1035,1045,1058,1072,1087,1105,1119,1131,1148,1157,1166,1173,1181,1181,1197,1209,1229,1246,1266,1285,1308,1329,1350,1369,1384,1391,1407,1425,1447,1469,1482,1503,1530,1552,1569,1586,1611,1634,1645,1665,1684,1704,1714,1728,1751,1772,1782,1797,1812,1833,1857,1875,1894,1900,1925,1958,1985,2003,2026,2037,2056,2068,2085,2108,2112,2126,2144,2148,2159,2183,2225,2245,2275,2297,2321,2337,2357,2387,2405,2425,2436,2436,2449,2470,2502,2512,2522,2555
California,US,36.778259,-119.417931,0,0,0,0,0,0,0,0,0,0,0,0,0,0,0,0,0,0,0,0,0,0,0,0,0,0,0,0,0,0,0,0,0,0,0,0,0,0,0,0,0,0,1,1,1,1,1,1,2,4,4,4,5,6,7,12,16,19,23,24,34,40,51,65,82,94,119,131,145,180,210,234,275,319,347,380,434,498,559,584,630,674,727,782,864,951,1041,1147,1175,1223,1298,1419,1523,1594,1686,1718,1776,1862,1939,2029,2111,2188,2212,2283,2376,2452,2535,2627,2691,2717,2778,2876,2966,3048,3153,3208,3289,3321,3425,3512,3619,3688,3759,3790,3809,3852,3955,4039,4137,4213,4240,4287,4360,4421,4484,4558,4624,4653,4676,4772,4870,4941,4988,5062,5089,5119,5205,5286,5362,5427,5494,5518,5566,5635,5732,5813,5877,5910,5942,5984,6089,6173,6272,6335,6364,6383,6460,6579,6730,6868,6971,7046,7072,7118,7257,7383,7511,7633,7725,7737,7794,7914,8070,8227,8362,8453,8480,8573,8742,8917,9031,9222,9359,9397,9506,9703,9872,10021,10209,10313,10380,10468,10650,10810,10996,11148,11225,11244,11343,11522,11686,11821,11987,12134,12152,12257,12407,12550,12691,12836,12903,12938,13020,13165,13323,13490,13643,13708,13730,13763,13835,13990,14090,14262,14333,14385,14462,14615,14721,14812,14912,14987,15018,15071,15195,15313,15402,15535,15586,15607,15641,15792,15900,15989,16075,16121,16147,16178,16262,16359,16428,16509,16575,16584,16593,16656,16760,16840,16905,16943,16979,17001,17063,17194,17265,17317,17345,17357,17400,17478,17541,17571,17627,17666,17670,17692,17749,17816,17864,17939,17963,17977,18005,18069,18107,18142,18221,18253,18265,18303,18357,18468,18564,18644,18710,18725,18767,18876,18980,19034,19099,19132,19152,19210,19323,19443,19588
Colorado,US,39.113014,-105.358887,0,0,0,0,0,0,0,0,0,0,0,0,0,0,0,0,0,0,0,0,0,0,0,0,0,0,0,0,0,0,0,0,0,0,0,0,0,0,0,0,0,0,0,0,0,0,0,0,0,0,0,1,1,1,1,2,2,4,4,5,6,7,11,19,24,31,44,47,51,69,80,97,111,126,140,150,179,193,226,250,274,290,304,329,357,374,391,411,422,449,486,508,552,672,672,680,706,736,766,777,820,832,842,851,903,921,944,960,967,971,987,1009,1062,1091,1150,1192,1215,1224,1257,1299,1310,1324,1327,1332,1333,1352,1392,1421,1436,1443,1445,1458,1474,1494,1512,1524,1527,1527,1543,1553,1573,1583,1595,1598,1599,1605,1617,1631,1638,1643,1647,1647,1651,1665,1667,1669,1673,1674,1676,1682,1690,1697,1701,1701,1701,1701,1701,1701,1704,1706,1724,1725,1725,1727,1738,1744,1745,1751,1752,1752,1758,1763,1771,1786,1790,1794,1794,1799,1807,1822,1822,1838,1844,1844,1844,1849,1851,1852,1857,1857,1858,1863,1875,1875,1882,1888,1896,1896,1896,1899,1900,1903,1910,1918,1918,1919,1926,1928,1931,1937,1944,1944,1945,1946,1952,1955,1966,1971,1972,1973,1973,1977,1979,1985,1988,1988,1990,1996,2002,2006,2009,2013,2014,2018,2025,2030,2033,2037,2040,2041,2044,2046,2051,2054,2057,2060,2068,2069,2081,2085,2095,2103,2112,2113,2116,2153,2160,2162,2172,2176,2176,2180,2182,2194,2198,2211,2218,2223,2226,2236,2249,2268,2278,2285,2288,2292,2311,2333,2353,2376,2389,2394,2408,2427,2443,2468,2504,2525,2546,2578,2608,2651,2730,2745,2787,2806,2810,2860,2906,2957,2977,2983,3003,3037,3109,3193,3320
Connecticut,US,41.599998,-72.699997,0,0,0,0,0,0,0,0,0,0,0,0,0,0,0,0,0,0,0,0,0,0,0,0,0,0,0,0,0,0,0,0,0,0,0,0,0,0,0,0,0,0,0,0,0,0,0,0,0,0,0,0,0,0,0,0,1,2,4,4,5,10,12,19,21,27,33,34,36,69,85,112,131,165,189,206,277,335,380,448,494,554,602,671,868,971,1036,1086,1127,1331,1423,1544,1639,1764,1862,1924,2012,2089,2168,2257,2339,2436,2495,2556,2633,2718,2797,2874,2932,2967,3008,3041,3125,3219,3285,3339,3408,3449,3472,3529,3582,3637,3675,3693,3742,3769,3803,3826,3868,3912,3944,3964,3972,3989,4007,4038,4055,4071,4084,4097,4120,4146,4159,4186,4201,4204,4210,4219,4226,4238,4251,4260,4263,4277,4287,4298,4307,4311,4316,4320,4322,4324,4326,4335,4335,4335,4338,4338,4343,4348,4348,4348,4348,4371,4372,4380,4389,4396,4396,4396,4406,4406,4406,4410,4413,4413,4413,4418,4423,4425,4431,4432,4432,4432,4437,4437,4437,4437,4441,4441,4441,4444,4444,4450,4450,4453,4453,4453,4456,4456,4457,4458,4460,4460,4460,4460,4463,4463,4465,4465,4465,4465,4465,4466,4467,4468,4468,4468,4468,4468,4474,4474,4478,4480,4480,4480,4485,4485,4487,4488,4492,4492,4492,4495,4496,4497,4499,4501,4501,4501,4503,4505,4508,4511,4513,4513,4513,4517,4521,4522,4527,4530,4530,4530,4532,4533,4537,4540,4542,4542,4542,4554,4559,4567,4569,4577,4577,4577,4589,4595,4604,4609,4616,4616,4616,4627,4634,4645,4656,4671,4671,4671,4698,4707,4716,4726,4737,4737,4737,4759,4771,4784,4805,4828,4828,4828,4871,4881,4926,4926,4961,4961,4961,5020,5040,5091,5111
Delaware,US,39,-75.5,0,0,0,0,0,0,0,0,0,0,0,0,0,0,0,0,0,0,0,0,0,0,0,0,0,0,0,0,0,0,0,0,0,0,0,0,0,0,0,0,0,0,0,0,0,0,0,0,0,0,0,0,0,0,0,0,0,0,0,0,0,0,0,0,1,2,5,6,6,10,11,12,14,14,14,15,16,19,23,32,33,35,41,43,46,52,61,67,67,72,82,89,92,100,112,120,125,137,144,152,159,168,177,182,187,193,202,213,221,224,225,237,247,260,271,286,290,297,304,310,317,322,324,326,332,335,344,345,356,361,366,368,373,375,386,388,390,398,398,410,413,414,414,419,422,423,424,426,431,433,434,435,435,504,505,507,507,507,507,507,509,509,510,512,512,512,512,514,515,517,517,517,517,517,518,521,521,521,523,523,523,525,527,529,578,579,579,579,580,581,581,585,585,585,585,587,587,587,588,590,591,591,591,592,593,593,593,593,593,593,595,595,600,600,600,604,603,604,604,604,604,604,605,605,606,606,606,608,609,609,609,609,613,613,613,615,617,618,619,619,620,621,621,627,628,629,630,631,633,633,634,635,636,636,642,645,645,645,646,649,651,651,653,654,656,659,660,661,662,664,665,666,668,670,670,678,680,681,685,686,688,689,704,708,710,710,712,712,716,716,716,718,719,722,724,732,734,736,736,736,739,742,742,746,746,748,752,757,760,761,763,763,770,772,777,779,779
Florida,US,27.994402,-81.760254,0,0,0,0,0,0,0,0,0,0,0,0,0,0,0,0,0,0,0,0,0,0,0,0,0,0,0,0,0,0,0,0,0,0,0,0,0,0,0,0,0,0,0,0,0,0,2,2,2,2,2,2,3,4,5,6,8,9,11,12,13,18,20,23,29,46,56,60,71,85,101,144,170,195,221,254,296,323,371,419,446,461,499,571,614,668,726,748,774,823,867,927,987,1046,1055,1074,1088,1171,1218,1268,1314,1364,1379,1399,1471,1539,1600,1669,1716,1721,1735,1782,1829,1876,1918,1965,1973,1997,2052,2096,2145,2190,2233,2237,2252,2259,2320,2364,2413,2447,2452,2461,2531,2567,2610,2660,2691,2703,2715,2769,2803,2851,2881,2928,2934,2941,2996,3021,3064,3107,3147,3164,3176,3240,3285,3329,3366,3392,3419,3447,3505,3554,3618,3686,3703,3732,3778,3841,3890,4009,4102,4197,4242,4277,4409,4521,4677,4805,4898,4985,5075,5207,5347,5520,5653,5778,5855,5933,6119,6335,6587,6843,7022,7084,7157,7402,7627,7747,7927,8109,8186,8282,8558,8770,8917,9146,9351,9458,9541,9764,9938,10056,10177,10282,10333,10399,10585,10738,10873,10962,11110,11125,11189,11379,11503,11655,11755,11815,11854,11871,11919,12121,12326,12507,12604,12616,12649,12788,12944,13086,13230,13292,13303,13324,13421,13623,13795,13915,14023,14033,14043,14144,14317,14446,14557,14640,14678,14722,14791,14914,15072,15187,15275,15365,15413,15534,15598,15737,15837,15922,15970,16025,16110,16210,16273,16349,16427,16438,16457,16510,16574,16650,16720,16769,16796,16834,16880,16922,16964,17013,17100,17121,17179,17253,17301,17378,17450,17493,17523,17561,17647,17734,17813,17892,17946,18005,18090,18164,18255,18255,18363,18441,18500,18599,18681,18771,18874
Georgia,US,33.247875,-83.441162,0,0,0,0,0,0,0,0,0,0,0,0,0,0,0,0,0,0,0,0,0,0,0,0,0,0,0,0,0,0,0,0,0,0,0,0,0,0,0,0,0,0,0,0,0,0,0,0,0,0,0,0,0,0,0,0,0,0,0,1,1,1,1,1,2,4,5,9,10,12,17,18,22,24,29,30,34,39,50,57,64,70,70,79,87,94,111,121,134,143,160,179,200,221,244,272,286,301,319,343,371,395,419,428,455,485,508,534,558,578,591,614,638,672,692,709,731,740,757,786,818,851,861,878,890,908,932,977,1006,1036,1050,1060,1082,1097,1126,1159,1181,1197,1208,1228,1267,1280,1305,1314,1329,1335,1344,1357,1376,1393,1404,1412,1416,1425,1432,1441,1446,1452,1460,1470,1476,1482,1495,1503,1503,1508,1511,1514,1523,1528,1533,1537,1540,1542,1548,1558,1566,1573,1578,1581,1585,1588,1592,1601,1606,1611,1614,1616,1620,1629,1634,1640,1646,1654,1656,1660,1670,1677,1681,1689,1698,1701,1707,1724,1731,1739,1745,1752,1758,1767,1784,1791,1799,1807,1813,1817,1825,1842,1855,1859,1863,1865,1866,1872,1882,1889,1899,1903,1909,1912,1914,1921,1936,1949,1958,1971,1974,1979,1985,1994,2002,2015,2017,2021,2031,2037,2040,2046,2056,2060,2067,2072,2089,2102,2112,2126,2133,2136,2140,2154,2160,2174,2184,2194,2197,2204,2233,2252,2265,2270,2287,2292,2299,2334,2354,2367,2381,2402,2406,2421,2440,2472,2491,2511,2529,2538,2553,2584,2609,2645,2679,2710,2729,2752,2810,2849,2895,2930,2961,2973,2999,3066,3138,3206,3257,3297,3321,3359,3434,3434,3535,3580,3637,3652,3674,3751,3843
Hawaii,US,19.741755,-155.844437,0,0,0,0,0,0,0,0,0,0,0,0,0,0,0,0,0,0,0,0,0,0,0,0,0,0,0,0,0,0,0,0,0,0,0,0,0,0,0,0,0,0,0,0,0,0,0,0,0,0,0,0,0,0,0,0,0,0,0,0,0,0,0,0,0,0,0,0,0,1,1,2,3,3,4,5,5,5,6,8,8,9,9,9,9,9,9,9,10,10,12,12,12,13,14,14,16,16,16,16,16,16,17,17,17,17,17,17,17,17,17,17,17,17,17,17,17,17,17,17,17,17,17,17,17,17,17,17,17,17,17,17,17,17,17,17,17,17,17,17,17,17,17,17,17,17,17,17,17,17,17,17,17,17,17,17,17,18,18,18,18,18,18,19,19,19,19,19,19,19,19,19,19,22,22,22,22,23,24,24,24,24,25,26,26,26,26,26,26,26,26,26,26,26,26,27,27,29,31,31,31,34,34,38,40,40,40,40,40,41,42,45,46,47,47,49,49,51,55,59,62,63,70,74,75,79,81,84,85,86,88,91,94,96,97,99,99,100,103,107,120,120,120,120,120,122,124,127,131,132,132,134,136,139,142,153,159,157,160,163,164,166,168,169,169,173,183,184,185,186,187,187,189,203,206,209,212,212,212,213,213,215,216,219,219,219,219,219,219,219,220,221,221,222,222,222,222,222,222,222,222,223,223,224,231,233,233,233,235,237,240,240,244,244,244,244,246
Idaho,US,44.068203,-114.742043,0,0,0,0,0,0,0,0,0,0,0,0,0,0,0,0,0,0,0,0,0,0,0,0,0,0,0,0,0,0,0,0,0,0,0,0,0,0,0,0,0,0,0,0,0,0,0,0,0,0,0,0,0,0,0,0,0,0,0,0,0,0,0,0,3,3,4,6,7,9,9,9,10,10,10,13,15,18,24,25,27,27,33,39,41,41,43,44,45,48,51,54,54,54,56,56,58,60,60,63,63,64,64,64,65,66,67,67,67,67,70,70,70,72,73,73,73,74,77,77,77,79,79,79,79,81,82,82,82,82,82,83,83,83,83,83,83,83,83,85,85,86,87,87,87,88,88,88,89,89,89,89,89,89,90,90,90,91,91,91,92,92,92,93,93,93,94,94,98,100,101,102,102,102,103,110,114,118,119,119,122,126,135,138,144,146,146,152,160,173,177,189,197,197,200,210,217,223,229,235,237,239,246,246,251,265,269,269,273,282,291,298,304,306,307,314,326,337,343,353,358,359,361,368,372,372,382,384,385,385,389,406,407,412,415,415,419,423,429,434,438,441,443,447,451,454,457,458,460,460,460,464,469,472,474,480,482,487,492,500,503,506,507,507,510,512,516,517,523,529,528,531,535,546,553,562,572,573,580,585,599,615,626,629,630,632,647,664,671,679,683,686,698,714,733,749,752,759,759,763,798,812,835,845,847,849,866,874,895,895,909,913,920,929,960,991,1014
Illinois,US,40,-89,0,0,0,0,0,0,0,0,0,0,0,0,0,0,0,0,0,0,0,0,0,0,0,0,0,0,0,0,0,0,0,0,0,0,0,0,0,0,0,0,0,0,0,0,0,0,0,0,0,0,0,0,0,0,0,1,1,4,5,6,9,12,16,19,26,34,47,65,73,100,143,159,213,247,279,313,388,472,540,610,693,737,813,889,971,1098,1162,1290,1322,1382,1504,1603,1729,1839,1920,1980,2031,2177,2269,2412,2517,2622,2682,2727,2907,3046,3186,3319,3430,3488,3543,3690,3887,4026,4159,4232,4281,4339,4488,4638,4722,4833,4910,4978,5007,5047,5211,5317,5403,5464,5525,5548,5664,5762,5880,5940,6011,6052,6072,6168,6247,6339,6416,6446,6465,6483,6557,6646,6704,6752,6802,6826,6853,6893,6963,7007,7048,7074,7089,7103,7124,7152,7188,7215,7224,7230,7236,7273,7309,7329,7345,7369,7388,7394,7419,7427,7452,7465,7483,7488,7494,7517,7540,7560,7577,7589,7590,7608,7638,7654,7670,7692,7700,7714,7723,7742,7770,7791,7822,7840,7845,7846,7866,7881,7905,7932,7937,7955,7967,7993,8017,8044,8066,8083,8089,8097,8126,8163,8186,8206,8217,8228,8235,8273,8300,8324,8362,8385,8390,8398,8405,8433,8461,8505,8527,8541,8546,8564,8599,8624,8647,8672,8686,8693,8722,8744,8774,8807,8832,8845,8858,8881,8916,8940,8992,9023,9040,9054,9085,9127,9159,9191,9221,9230,9243,9272,9320,9373,9425,9452,9474,9496,9537,9605,9647,9688,9751,9775,9792,9838,9889,9945,9994,10040,10075,10093,10161,10216,10313,10397,10488,10538,10563,10645,10798,10846,10891,11088,11162,11204,11317,11468,11648,11795,11952,12051,12112,12262,12440,12596,12686,12838,12882,12985,13131,13397,13625
Indiana,US,40.273502,-86.126976,0,0,0,0,0,0,0,0,0,0,0,0,0,0,0,0,0,0,0,0,0,0,0,0,0,0,0,0,0,0,0,0,0,0,0,0,0,0,0,0,0,0,0,0,0,0,0,0,0,0,0,0,0,0,1,2,2,2,3,3,6,7,12,14,17,24,31,32,35,49,65,78,102,116,127,139,173,203,245,300,330,343,350,387,436,477,519,545,562,569,630,661,706,741,785,813,932,992,1065,1114,1175,1229,1246,1264,1326,1377,1414,1447,1490,1508,1540,1578,1619,1646,1691,1741,1751,1765,1824,1864,1913,1941,1964,1976,1984,2004,2030,2068,2110,2125,2134,2142,2197,2207,2231,2258,2292,2303,2316,2339,2355,2380,2396,2413,2422,2433,2447,2475,2491,2516,2536,2540,2553,2569,2578,2586,2595,2616,2619,2624,2640,2650,2662,2681,2687,2693,2698,2717,2732,2739,2748,2756,2760,2762,2775,2785,2795,2803,2820,2822,2825,2846,2863,2880,2884,2895,2903,2906,2924,2932,2946,2965,2971,2975,2980,2996,3007,3013,3023,3036,3041,3044,3069,3086,3105,3113,3128,3133,3135,3165,3180,3191,3208,3218,3220,3225,3241,3259,3266,3277,3285,3291,3296,3312,3325,3332,3350,3362,3364,3368,3380,3397,3410,3420,3437,3438,3439,3460,3472,3478,3495,3503,3506,3512,3520,3530,3548,3566,3577,3580,3591,3612,3632,3645,3656,3669,3674,3681,3711,3727,3742,3761,3782,3789,3795,3822,3836,3864,3887,3918,3937,3960,4008,4023,4065,4092,4118,4130,4143,4194,4227,4260,4286,4332,4364,4390,4439,4464,4511,4547,4590,4629,4664,4731,4762,4813,4863,4888,4910,4936,5025,5084,5143,5206,5246,5305,5332,5435,5498,5561,5594,5663,5685,5723,5864,5973,6033
Iowa,US,42.032974,-93.581543,0,0,0,0,0,0,0,0,0,0,0,0,0,0,0,0,0,0,0,0,0,0,0,0,0,0,0,0,0,0,0,0,0,0,0,0,0,0,0,0,0,0,0,0,0,0,0,0,0,0,0,0,0,0,0,0,0,0,0,0,0,0,0,1,1,3,3,4,6,7,9,11,11,14,22,25,26,27,29,31,34,41,43,49,53,60,64,74,75,79,83,90,96,107,112,118,127,136,148,162,170,175,184,188,207,219,231,243,252,265,271,289,306,318,336,346,351,364,375,393,414,433,445,454,459,478,496,506,524,531,535,556,561,574,583,593,599,604,617,626,631,640,644,650,652,658,669,675,680,681,682,685,686,689,693,696,704,704,705,709,716,717,719,721,721,721,723,728,735,740,743,748,750,755,757,771,781,784,789,794,797,803,812,820,824,826,828,834,839,849,857,867,871,876,884,888,900,911,915,926,931,934,940,953,960,967,973,975,981,989,1006,1014,1022,1030,1036,1044,1052,1071,1084,1097,1109,1112,1116,1123,1126,1135,1153,1161,1165,1168,1180,1198,1207,1213,1217,1219,1224,1234,1237,1251,1261,1264,1265,1275,1286,1294,1302,1308,1312,1315,1321,1329,1346,1361,1375,1378,1383,1392,1401,1415,1421,1441,1455,1460,1474,1486,1498,1506,1523,1527,1530,1539,1556,1584,1601,1621,1631,1635,1648,1662,1684,1696,1706,1716,1717,1744,1765,1788,1805,1819,1830,1842,1851,1874,1900,1931,1949,1973,1985,1991,2028,2067,2106,2135,2160,2192,2208,2226,2271,2312,2352,2360,2376,2404,2431,2449,2522
Kansas,US,38.5,-98,0,0,0,0,0,0,0,0,0,0,0,0,0,0,0,0,0,0,0,0,0,0,0,0,0,0,0,0,0,0,0,0,0,0,0,0,0,0,0,0,0,0,0,0,0,0,0,0,0,0,1,1,1,1,1,1,1,1,1,1,2,2,2,3,3,4,5,6,8,9,10,13,17,21,22,25,31,38,42,50,55,56,62,69,76,80,84,86,92,100,109,111,112,118,120,120,122,127,134,134,138,140,143,156,161,164,165,168,173,174,180,184,188,189,193,194,195,198,199,202,204,207,207,207,209,210,214,216,216,216,217,218,225,226,227,232,234,235,236,238,240,243,245,245,245,247,248,249,251,254,258,259,259,262,262,262,266,270,271,273,275,278,280,282,283,284,285,288,290,294,294,294,296,297,298,303,304,305,306,307,310,315,321,322,328,330,332,335,339,349,356,358,358,359,365,369,370,379,380,380,381,387,392,396,401,405,405,407,407,408,414,421,422,429,429,430,431,442,443,444,451,451,452,456,458,472,481,481,482,485,485,499,503,515,526,529,538,560,586,586,596,596,597,601,614,621,633,634,639,639,640,654,678,678,698,698,698,706,706,723,749,763,775,777,787,799,838,838,859,859,860,872,896,952,952,975,975,975,976,985,1007,1009,1029,1029,1029,1046,1057,1087,1087,1166,1166,1166,1181,1181,1215,1215,1256,1256,1256,1266,1266,1326,1326,1410,1410,1410,1456,1456,1503,1503,1529,1529,1529,1560,1560,1679,1679
Kentucky,US,37.839333,-84.27002,0,0,0,0,0,0,0,0,0,0,0,0,0,0,0,0,0,0,0,0,0,0,0,0,0,0,0,0,0,0,0,0,0,0,0,0,0,0,0,0,0,0,0,0,0,0,0,0,0,0,0,0,0,0,1,1,1,2,2,2,3,4,4,5,5,8,8,8,11,17,20,31,37,40,45,59,65,73,79,90,94,97,104,115,122,129,137,144,148,154,171,185,191,200,205,208,213,225,235,240,248,248,253,261,275,283,294,298,304,304,311,321,326,328,332,334,334,346,366,376,386,391,391,391,391,394,400,409,418,431,431,439,442,450,458,466,470,470,472,477,484,493,497,499,499,505,512,518,520,522,524,526,526,537,538,546,553,554,558,560,565,572,581,585,585,585,593,602,608,612,620,622,625,629,635,645,650,658,667,670,671,674,677,684,691,696,700,709,719,724,731,736,740,742,744,751,752,760,764,772,773,775,783,790,796,804,810,813,818,830,842,856,864,872,881,885,895,902,910,918,921,930,933,948,966,976,987,993,996,996,997,1013,1035,1044,1057,1060,1065,1074,1082,1093,1101,1108,1111,1112,1119,1124,1137,1149,1154,1157,1162,1170,1174,1191,1197,1205,1209,1214,1218,1223,1234,1242,1249,1252,1253,1269,1276,1296,1300,1312,1317,1326,1342,1363,1380,1396,1404,1407,1410,1428,1442,1461,1476,1485,1489,1492,1503,1514,1534,1544,1561,1565,1576,1590,1604,1622,1647,1658,1661,1664,1697,1712,1742,1762,1783,1787,1792,1809,1835,1867,1871,1885,1896,1908,1943,1980,2014
Louisiana,US,30.39183,-92.329102,0,0,0,0,0,0,0,0,0,0,0,0,0,0,0,0,0,0,0,0,0,0,0,0,0,0,0,0,0,0,0,0,0,0,0,0,0,0,0,0,0,0,0,0,0,0,0,0,0,0,0,0,1,2,3,4,7,10,14,16,20,35,46,65,83,119,137,151,185,239,273,310,370,409,477,512,582,652,702,755,806,840,884,1013,1103,1156,1213,1267,1296,1328,1405,1473,1599,1660,1703,1729,1740,1801,1845,1905,1970,1993,2012,2064,2115,2167,2208,2227,2267,2286,2308,2347,2381,2417,2448,2479,2491,2563,2581,2608,2629,2668,2689,2690,2690,2701,2726,2745,2766,2785,2791,2801,2839,2875,2883,2918,2931,2941,2949,2962,2974,2992,3002,3009,3019,3023,3047,3068,3068,3084,3109,3110,3117,3142,3160,3172,3197,3197,3206,3206,3229,3238,3262,3283,3283,3294,3302,3325,3344,3360,3385,3408,3421,3428,3448,3463,3487,3511,3511,3545,3576,3611,3670,3690,3720,3720,3766,3789,3815,3887,3929,3953,3953,4010,4027,4051,4097,4146,4207,4207,4263,4288,4314,4362,4403,4433,4433,4507,4526,4554,4609,4637,4687,4687,4746,4764,4797,4851,4874,4904,4904,4931,4950,4984,5004,5021,5035,5035,5093,5105,5118,5140,5161,5202,5202,5235,5252,5278,5296,5311,5340,5340,5366,5375,5386,5407,5423,5444,5444,5465,5480,5490,5511,5519,5545,5545,5577,5586,5592,5604,5609,5635,5635,5655,5669,5679,5695,5707,5727,5727,5750,5766,5772,5790,5799,5820,5820,5837,5854,5872,5890,5908,5919,5919,5926,5934,5951,5975,5995,6016,6016,6036,6048,6058,6058,6097,6121,6121,6132,6139,6156,6184,6199,6233,6233,6260,6284,6323,6350,6350,6391,6391,6407,6420,6455,6501,6524
Maine,US,45.367584,-68.972168,0,0,0,0,0,0,0,0,0,0,0,0,0,0,0,0,0,0,0,0,0,0,0,0,0,0,0,0,0,0,0,0,0,0,0,0,0,0,0,0,0,0,0,0,0,0,0,0,0,0,0,0,0,0,0,0,0,0,0,0,0,0,0,0,0,1,1,3,3,5,7,7,9,10,10,10,12,14,16,17,19,19,19,20,24,27,29,32,34,35,36,39,44,47,50,50,51,51,52,53,55,56,57,57,61,62,62,63,64,64,65,65,66,69,69,70,70,71,73,73,73,76,77,78,78,79,81,84,85,89,89,89,94,95,95,98,98,99,99,100,100,100,100,100,100,101,101,102,102,102,102,102,102,102,103,103,103,104,104,105,105,105,105,105,107,109,109,110,110,111,111,112,114,114,114,114,114,115,117,117,117,118,118,118,118,119,119,119,121,121,122,123,123,123,123,123,124,124,124,125,125,125,126,126,126,126,127,127,127,127,127,128,129,130,131,131,131,132,132,132,132,132,132,132,133,133,134,134,134,134,134,134,134,134,135,136,136,137,138,138,138,139,139,140,140,140,140,140,140,140,140,141,141,142,142,142,142,142,142,142,142,143,143,143,143,143,143,144,145,146,146,146,146,146,146,146,146,146,146,146,146,146,146,147,147,148,148,150,150,150,152,152,153,156,158,159,162,163,165,165,166,170,171,173,174,176,177,189,190,190,190,191,191,194,214,218,220
Maryland,US,39.045753,-76.641273,0,0,0,0,0,0,0,0,0,0,0,0,0,0,0,0,0,0,0,0,0,0,0,0,0,0,0,0,0,0,0,0,0,0,0,0,0,0,0,0,0,0,0,0,0,0,0,0,0,0,0,0,0,0,0,0,0,1,1,2,3,3,4,4,4,5,5,10,15,18,31,36,42,53,67,91,103,124,138,171,206,235,262,302,349,392,425,463,486,582,652,698,748,798,875,910,945,1016,1078,1140,1192,1251,1281,1317,1390,1437,1503,1560,1614,1644,1683,1756,1809,1866,1911,1957,1992,2023,2081,2123,2159,2207,2243,2277,2302,2333,2392,2428,2466,2509,2532,2552,2597,2641,2668,2702,2740,2749,2776,2811,2844,2875,2900,2926,2939,2947,2982,2996,3016,3030,3052,3066,3074,3092,3108,3129,3142,3157,3168,3175,3190,3205,3212,3223,3236,3243,3246,3266,3275,3288,3303,3310,3319,3325,3334,3341,3347,3359,3368,3377,3382,3402,3405,3409,3422,3433,3440,3447,3458,3478,3488,3493,3506,3515,3523,3530,3536,3551,3565,3577,3585,3591,3604,3612,3620,3631,3636,3639,3641,3650,3661,3669,3674,3685,3691,3694,3707,3717,3722,3736,3746,3752,3755,3761,3766,3778,3789,3796,3799,3804,3807,3816,3824,3828,3836,3838,3839,3849,3855,3861,3869,3876,3879,3883,3895,3902,3909,3917,3925,3935,3938,3946,3949,3949,3950,3957,3958,3961,3967,3973,3979,3990,3995,3999,4003,4012,4022,4028,4032,4036,4037,4041,4050,4058,4070,4078,4091,4096,4099,4108,4115,4127,4137,4147,4152,4155,4162,4172,4182,4194,4201,4212,4221,4233,4249,4261,4273,4293,4302,4309,4335,4351,4372,4398,4415,4434,4448,4481,4518,4547,4569,4602,4625,4641,4673,4715,4764
Massachusetts,US,42.407211,-71.382439,0,0,0,0,0,0,0,0,0,0,0,0,0,0,0,0,0,0,0,0,0,0,0,0,0,0,0,0,0,0,0,0,0,0,0,0,0,0,0,0,0,0,0,0,0,0,0,0,0,0,0,0,0,0,0,0,0,0,1,1,5,9,11,15,25,35,44,48,56,89,122,154,192,216,231,260,356,433,503,599,686,756,844,957,1108,1245,1404,1560,1706,1809,1961,2182,2360,2556,2730,2899,3003,3153,3405,3562,3716,3846,4004,4090,4212,4420,4552,4702,4840,4979,5108,5141,5315,5482,5592,5705,5797,5862,5938,6066,6148,6228,6304,6372,6416,6473,6547,6640,6718,6768,6846,6994,7044,7111,7160,7194,7248,7275,7312,7367,7413,7451,7497,7535,7583,7606,7624,7693,7729,7759,7787,7817,7833,7849,7897,7922,7972,8000,8019,8054,8054,8081,8120,8137,8160,8171,8186,8201,8232,8257,8285,8299,8314,8320,8331,8358,8369,8390,8407,8419,8420,8437,8455,8471,8485,8497,8516,8523,8538,8567,8582,8596,8613,8624,8634,8643,8645,8677,8695,8707,8721,8726,8736,8754,8775,8789,8803,8814,8818,8824,8852,8864,8877,8897,8910,8924,8936,8962,8982,8998,9010,9023,9034,9038,9060,9077,9100,9116,9125,9133,9141,9146,9166,9180,9196,9210,9219,9225,9245,9260,9269,9295,9310,9317,9328,9347,9362,9373,9391,9404,9415,9423,9456,9480,9490,9507,9510,9530,9538,9557,9565,9577,9587,9604,9617,9630,9647,9672,9702,9723,9737,9753,9758,9780,9810,9830,9839,9864,9881,9888,9924,9951,9975,9991,10013,10023,10035,10062,10085,10106,10129,10149,10163,10184,10222,10242,10265,10293,10329,10340,10360,10407,10435,10469,10488,10512,10530,10550,10604,10604,10635,10676,10722,10748,10778,10824,10874
Michigan,US,44.182205,-84.506836,0,0,0,0,0,0,0,0,0,0,0,0,0,0,0,0,0,0,0,0,0,0,0,0,0,0,0,0,0,0,0,0,0,0,0,0,0,0,0,0,0,0,0,0,0,0,0,0,0,0,0,0,0,0,0,0,1,3,3,5,9,15,24,44,62,95,115,137,191,269,350,433,498,562,642,757,880,999,1121,1335,1451,1550,1670,1843,2003,2182,2322,2406,2493,2573,2815,2933,3104,3217,3414,3457,3553,3720,3827,3951,4031,4192,4222,4312,4358,4432,4529,4581,4721,4747,4781,4876,4918,4994,5034,5091,5102,5127,5234,5279,5351,5381,5449,5454,5467,5494,5565,5605,5640,5699,5728,5754,5793,5811,5837,5855,5891,5895,5912,5943,5955,5985,5990,6013,6016,6017,6034,6036,6061,6067,6087,6090,6097,6109,6114,6133,6134,6153,6158,6161,6193,6198,6212,6215,6218,6218,6221,6251,6262,6271,6285,6313,6314,6321,6326,6330,6348,6355,6364,6366,6373,6382,6388,6395,6400,6400,6400,6405,6421,6422,6443,6450,6457,6457,6467,6471,6478,6506,6514,6520,6520,6526,6533,6539,6555,6566,6586,6592,6592,6608,6618,6634,6634,6655,6659,6663,6684,6690,6706,6712,6745,6748,6753,6767,6781,6791,6798,6806,6806,6810,6811,6887,6894,6900,6911,6911,6921,6932,6943,6955,6955,6969,6969,6981,6997,7013,7019,7027,7044,7044,7051,7072,7083,7102,7110,7124,7124,7139,7161,7169,7193,7200,7219,7219,7225,7255,7268,7302,7317,7332,7347,7363,7383,7418,7464,7484,7522,7522,7552,7585,7606,7653,7665,7699,7699,7716,7761,7782,7833,7880,7945,7974,8010,8094,8136,8185,8308,8376,8376,8431,8511,8573,8717,8774,8875,8875,8940,9094,9170,9170,9357,9467,9467,9564,9759,9842,10035
Minnesota,US,46.39241,-94.63623,0,0,0,0,0,0,0,0,0,0,0,0,0,0,0,0,0,0,0,0,0,0,0,0,0,0,0,0,0,0,0,0,0,0,0,0,0,0,0,0,0,0,0,0,0,0,0,0,0,0,0,0,0,0,0,0,0,0,0,1,1,1,1,1,2,4,5,9,10,12,17,18,22,24,29,30,34,39,50,57,64,70,70,79,87,94,111,121,134,143,160,179,200,221,244,272,286,301,319,343,371,395,419,428,455,485,508,534,558,578,591,614,638,672,692,709,731,740,757,786,818,851,861,878,890,908,932,977,1006,1036,1050,1060,1082,1097,1126,1159,1181,1197,1208,1228,1267,1280,1305,1314,1329,1335,1344,1357,1376,1393,1404,1412,1416,1425,1432,1441,1446,1452,1460,1470,1476,1482,1495,1503,1503,1508,1511,1514,1523,1528,1533,1537,1540,1542,1548,1558,1566,1573,1578,1581,1585,1588,1592,1601,1606,1611,1614,1616,1620,1629,1634,1640,1646,1654,1656,1660,1670,1677,1681,1689,1698,1701,1707,1724,1731,1739,1745,1752,1758,1767,1784,1791,1799,1807,1813,1817,1825,1842,1855,1859,1863,1865,1866,1872,1882,1889,1899,1903,1909,1912,1914,1921,1936,1949,1958,1971,1974,1979,1985,1994,2002,2015,2017,2021,2031,2037,2040,2046,2056,2060,2067,2072,2089,2102,2112,2126,2133,2136,2140,2154,2160,2174,2184,2194,2197,2204,2233,2252,2265,2270,2287,2292,2299,2334,2354,2367,2381,2402,2406,2421,2440,2472,2491,2511,2529,2538,2553,2584,2609,2645,2679,2710,2729,2752,2810,2849,2895,2930,2961,2973,2999,3066,3138,3206,3257,3297,3321,3359,3434,3434,3535,3580,3637,3652,3674,3751,3843
Mississippi,US,33,-90,0,0,0,0,0,0,0,0,0,0,0,0,0,0,0,0,0,0,0,0,0,0,0,0,0,0,0,0,0,0,0,0,0,0,0,0,0,0,0,0,0,0,0,0,0,0,0,0,0,0,0,0,0,0,0,0,0,1,1,1,1,1,1,5,5,8,13,14,16,20,22,26,29,35,43,51,59,67,76,82,93,96,98,111,122,129,140,152,159,169,183,193,201,209,221,227,229,239,250,261,281,291,303,310,342,374,396,409,421,430,435,457,465,480,493,510,521,528,554,570,580,596,616,625,635,652,670,693,710,723,734,739,767,782,794,803,811,817,837,847,868,868,881,889,891,895,915,938,938,943,943,943,978,989,1011,1016,1022,1035,1039,1059,1073,1082,1092,1103,1107,1111,1114,1158,1188,1204,1215,1230,1249,1250,1272,1290,1308,1332,1346,1355,1358,1389,1423,1436,1463,1480,1495,1501,1543,1563,1611,1663,1693,1703,1711,1753,1804,1825,1848,1874,1896,1912,1944,1989,2011,2043,2080,2084,2095,2128,2163,2190,2214,2237,2240,2248,2315,2373,2399,2413,2427,2441,2473,2493,2526,2536,2558,2569,2584,2585,2585,2623,2655,2670,2685,2697,2706,2734,2756,2780,2792,2809,2810,2810,2846,2870,2874,2894,2911,2919,2921,2957,2969,2979,2999,3011,3013,3013,3027,3051,3074,3080,3096,3101,3101,3115,3140,3152,3160,3171,3171,3171,3202,3223,3231,3238,3255,3255,3263,3283,3302,3310,3328,3334,3348,3348,3384,3397,3405,3419,3433,3443,3443,3480,3497,3514,3519,3540,3543,3545,3581,3601,3619,3642,3657,3676,3676,3729,3745,3763,3769,3779,3806,3807,3836,3851,3879
Missouri,US,38.573936,-92.60376,0,0,0,0,0,0,0,0,0,0,0,0,0,0,0,0,0,0,0,0,0,0,0,0,0,0,0,0,0,0,0,0,0,0,0,0,0,0,0,0,0,0,0,0,0,0,0,0,0,0,0,0,0,0,0,0,1,1,2,3,3,5,8,8,8,9,10,12,13,14,18,24,31,36,49,52,70,85,91,101,114,116,122,142,159,168,182,184,198,205,220,232,243,267,283,283,300,327,338,343,358,377,377,383,400,425,448,479,493,497,507,531,548,566,581,596,604,612,625,644,672,681,682,690,696,696,705,715,741,771,785,788,796,804,810,817,826,826,832,855,871,878,887,890,895,895,905,926,946,970,979,979,981,995,1001,1006,1016,1021,1023,1024,1038,1049,1055,1071,1073,1074,1074,1090,1091,1101,1103,1117,1117,1133,1137,1144,1150,1158,1164,1165,1167,1180,1195,1214,1224,1228,1233,1244,1259,1269,1286,1305,1313,1313,1314,1336,1345,1356,1378,1387,1397,1405,1410,1423,1432,1443,1443,1452,1480,1495,1499,1517,1532,1540,1540,1544,1573,1589,1610,1620,1627,1627,1642,1664,1692,1710,1728,1730,1762,1763,1770,1782,1804,1812,1818,1829,1840,1866,1878,1904,1930,1933,1950,1976,2025,2083,2112,2124,2163,2164,2178,2213,2213,2239,2268,2303,2307,2307,2349,2375,2404,2485,2512,2512,2513,2513,2533,2555,2582,2618,2679,2691,2729,2729,2763,2789,2814,2909,2917,2971,3001,3047,3077,3154,3155,3162,3199,3243,3282,3297,3302,3326,3335,3454,3479,3503,3524,3533,3534,3542,3598,3641,3679,3742,3785,3788,3794,3932,3992,4033,4047,4058,4065,4072,4206,4276,4353
Montana,US,46.96526,-109.533691,0,0,0,0,0,0,0,0,0,0,0,0,0,0,0,0,0,0,0,0,0,0,0,0,0,0,0,0,0,0,0,0,0,0,0,0,0,0,0,0,0,0,0,0,0,0,0,0,0,0,0,0,0,0,0,0,0,0,0,0,0,0,0,0,0,1,1,1,4,5,6,6,6,6,6,6,6,6,6,6,6,6,7,7,7,7,8,10,10,10,12,14,14,14,14,14,14,15,16,16,16,16,16,16,16,16,16,16,16,16,16,16,16,16,16,16,16,16,16,16,16,16,16,16,16,17,17,17,17,17,17,17,17,17,17,18,18,18,18,18,18,18,18,18,19,19,19,20,20,20,20,20,21,21,21,21,22,22,22,22,22,22,22,23,23,23,23,23,23,25,28,29,29,32,34,34,35,37,37,37,39,40,42,43,46,46,46,47,51,54,55,60,61,61,64,64,65,65,70,75,75,75,77,80,81,81,82,82,82,84,84,89,89,90,90,91,97,98,98,100,104,104,104,105,109,111,114,116,117,118,119,122,123,131,133,135,138,140,141,143,146,156,157,160,163,165,165,170,171,173,174,177,180,181,186,186,187,190,192,193,197,206,209,210,212,217,225,230,235,240,241,241,252,275,278,282,294,297,303,305,325,337,364,375,376,386,399,404,407,419,445,456,457,462,472,472,477,514,520,522,543,561,561,567,600,603,614,630,652,658,658,669,671,681,698,713,722
Nebraska,US,41.5,-100,0,0,0,0,0,0,0,0,0,0,0,0,0,0,0,0,0,0,0,0,0,0,0,0,0,0,0,0,0,0,0,0,0,0,0,0,0,0,0,0,0,0,0,0,0,0,0,0,0,0,0,0,0,0,0,0,0,0,0,0,0,0,0,0,0,0,2,2,2,3,4,5,6,6,8,8,10,12,14,17,17,17,18,20,21,24,24,28,28,33,33,42,47,50,53,55,55,55,68,70,73,76,78,79,82,86,90,92,96,98,100,103,107,113,119,123,123,125,132,138,143,147,147,150,150,153,163,164,170,170,170,178,181,189,189,189,189,189,188,191,195,195,216,216,216,220,231,234,240,244,244,244,249,256,257,260,266,267,267,267,274,276,282,284,284,284,283,282,282,284,286,285,285,288,286,291,299,301,301,301,313,310,311,316,316,316,316,317,321,324,328,328,328,328,328,332,335,340,345,345,345,348,351,356,360,361,361,361,362,368,371,373,376,376,378,383,383,386,391,392,392,392,397,399,399,404,404,404,404,404,406,421,430,434,434,434,435,436,439,442,442,442,442,452,461,462,462,468,469,470,472,478,478,493,493,497,501,503,507,507,507,514,519,519,522,527,530,535,547,548,548,554,565,576,587,591,595,596,603,620,628,637,646,652,654,656,660,669,674,701,703,703,710,730,731,756,775,779,779,797,816,826,854,897,905,909,934,950,978,982,984,989,989,1018,1080,1128,1159
Nevada,US,39.876019,-117.224121,0,0,0,0,0,0,0,0,0,0,0,0,0,0,0,0,0,0,0,0,0,0,0,0,0,0,0,0,0,0,0,0,0,0,0,0,0,0,0,0,0,0,0,0,0,0,0,0,0,0,0,0,0,0,1,1,1,1,2,2,2,4,4,6,10,10,14,15,15,18,26,38,43,46,46,46,58,71,80,102,111,112,120,130,136,142,142,151,155,158,163,172,189,197,204,206,219,225,237,243,254,257,262,266,276,286,293,301,306,306,312,321,331,339,345,349,350,358,373,373,381,387,388,394,396,396,402,410,415,417,421,421,421,429,429,433,437,438,442,444,448,458,462,463,464,465,467,473,475,478,486,487,489,492,494,495,498,500,500,504,507,511,525,528,530,534,537,548,553,571,579,592,593,593,612,618,626,637,646,647,648,676,704,709,722,732,734,739,759,780,801,830,835,835,847,862,890,900,920,949,957,963,981,996,1030,1045,1069,1072,1077,1102,1134,1172,1185,1197,1197,1200,1230,1250,1271,1287,1302,1302,1305,1313,1336,1363,1375,1388,1389,1393,1393,1412,1429,1439,1449,1452,1456,1482,1494,1506,1524,1528,1531,1531,1546,1556,1564,1573,1582,1585,1585,1593,1600,1603,1609,1620,1623,1623,1629,1636,1649,1657,1659,1661,1664,1674,1691,1698,1707,1707,1710,1712,1727,1732,1736,1738,1743,1748,1749,1756,1766,1769,1777,1777,1781,1784,1807,1814,1824,1845,1850,1851,1852,1859,1877,1880,1893,1908,1909,1917,1944,1947,1953,1982,2011,2017,2023,2047,2071,2093,2095,2119,2136,2144,2166,2201,2249
New Hampshire,US,44,-71.5,0,0,0,0,0,0,0,0,0,0,0,0,0,0,0,0,0,0,0,0,0,0,0,0,0,0,0,0,0,0,0,0,0,0,0,0,0,0,0,0,0,0,0,0,0,0,0,0,0,0,0,0,0,0,0,0,0,0,0,0,0,1,1,1,1,2,2,3,3,3,4,5,7,9,9,9,13,18,21,22,23,23,23,27,32,34,37,38,41,42,42,48,51,53,60,60,60,60,66,72,81,84,86,86,92,111,114,121,131,133,133,142,150,151,159,171,172,172,182,190,199,204,208,209,210,214,223,232,238,242,245,245,256,265,273,278,283,286,286,294,301,308,315,318,320,320,326,330,331,337,339,339,339,343,347,357,365,367,367,367,371,373,375,376,376,381,382,384,386,387,390,391,391,391,392,394,395,395,396,398,398,400,402,405,407,409,409,409,409,411,415,415,416,417,417,418,418,419,419,419,419,419,419,420,422,423,423,423,423,424,427,428,428,429,429,429,429,430,431,432,432,432,432,432,432,432,432,432,433,433,433,433,434,434,435,436,436,438,438,438,438,438,438,438,438,438,438,438,439,439,439,439,439,441,442,442,443,444,446,448,449,450,455,456,456,456,458,463,465,466,467,468,468,469,470,471,473,473,475,475,478,482,482,483,483,483,483,484,486,488,489,489,489,489,492,495,498,499,499,500,502,504,506,507,508,512,512,513,514,514,517,523,526,526,528,537,544
New Jersey,US,39.833851,-74.871826,0,0,0,0,0,0,0,0,0,0,0,0,0,0,0,0,0,0,0,0,0,0,0,0,0,0,0,0,0,0,0,0,0,0,0,0,0,0,0,0,0,0,0,0,0,0,0,0,1,1,1,1,1,2,2,3,5,10,12,18,23,31,50,71,93,124,161,185,227,306,406,612,736,962,1043,1141,1400,1708,1930,2193,2477,2666,2772,3182,3580,3990,4355,4615,4765,4963,5389,5741,6155,6369,6648,6734,6855,7305,7677,8196,8548,8779,8941,9015,9401,9719,10016,10187,10337,10502,10590,10816,11026,11274,11505,11631,11752,11846,12007,12183,12303,12454,12565,12629,12647,12695,12857,12938,13079,13194,13278,13302,13360,13499,13613,13700,13773,13853,13940,14028,14140,14237,14293,14401,14443,14499,14562,14624,14665,14703,14732,14746,14782,14837,14889,14922,14967,15001,15028,15033,15050,15091,15091,15143,15167,15189,15212,15262,15326,15432,15463,15513,15519,15549,15572,15615,15646,15666,15686,15691,15693,15695,15695,15718,15751,15769,15782,15799,15815,15833,15848,15857,15867,15873,15876,15876,15876,15882,15885,15898,15901,15911,15922,15924,15929,15933,15948,15950,15981,15990,15990,15997,16006,16007,16009,16011,16018,16020,16026,16034,16038,16041,16048,16053,16068,16077,16083,16088,16091,16113,16120,16131,16136,16145,16149,16153,16158,16166,16175,16179,16184,16188,16190,16191,16194,16203,16213,16216,16221,16221,16225,16238,16245,16248,16251,16254,16258,16261,16268,16273,16280,16283,16290,16292,16293,16310,16322,16326,16330,16332,16336,16339,16357,16373,16390,16398,16410,16412,16422,16439,16454,16464,16470,16479,16480,16482,16498,16521,16537,16547,16559,16563,16573,16595,16607,16626,16651,16679,16694,16708,16746,16782,16818,16842,16874,16891,16907,16953,17012,17048,17075,17113,17124,17144,17228,17284,17346
New Mexico,US,34.307144,-106.018066,0,0,0,0,0,0,0,0,0,0,0,0,0,0,0,0,0,0,0,0,0,0,0,0,0,0,0,0,0,0,0,0,0,0,0,0,0,0,0,0,0,0,0,0,0,0,0,0,0,0,0,0,0,0,0,0,0,0,0,0,0,0,0,1,1,1,2,2,4,5,6,7,10,11,12,12,13,16,17,19,20,26,31,36,36,44,51,53,55,58,65,71,78,84,93,99,104,110,112,123,131,139,151,156,162,169,172,181,191,200,208,219,231,242,253,259,265,270,276,283,294,302,308,317,320,325,329,335,344,351,356,362,367,375,383,387,392,396,400,404,410,420,426,431,435,440,447,452,456,464,466,469,469,476,480,485,489,491,492,493,497,500,503,511,513,513,515,519,527,533,539,543,545,548,551,557,562,565,569,571,578,588,591,596,601,607,614,619,626,632,635,642,651,654,655,658,667,669,675,681,685,690,693,695,697,703,711,714,718,723,729,734,739,743,745,747,750,755,764,767,769,770,779,787,790,791,794,800,803,807,807,813,816,818,821,823,823,830,832,836,841,847,849,851,854,857,859,865,870,870,873,875,877,882,887,890,892,894,894,896,899,902,907,911,915,918,921,922,928,929,934,935,942,950,953,960,965,967,976,980,991,994,1007,1018,1026,1036,1045,1059,1082,1088,1104,1118,1130,1144,1158,1176,1198,1208,1215,1236,1264,1290,1302,1325,1350,1383,1400,1428,1451,1469,1504,1527,1540,1568,1589,1629,1673
New York,US,40.73061,-73.935242,0,0,0,0,0,0,0,0,0,0,0,0,0,0,0,0,0,0,0,0,0,0,0,0,0,0,0,0,0,0,0,0,0,0,0,0,0,0,0,0,0,0,0,0,0,0,0,0,0,1,0,0,3,10,18,24,41,67,100,129,209,290,447,598,784,1019,1415,1722,2140,2677,3368,3888,4490,5327,6155,6991,7968,8960,9959,10927,11893,12838,13688,14612,15500,16106,17131,17671,18298,18929,19693,20354,20861,21291,21908,22275,22623,23144,23474,23780,24069,24368,24648,24944,25204,25956,26365,26585,26771,27254,27498,27914,28080,28255,28411,28584,28776,28932,29101,29212,29340,29465,29569,29689,29895,30037,30140,30241,30340,30419,30509,30580,30671,30758,30876,30968,30997,31038,31113,31199,31276,31337,31420,31470,31507,31548,31594,31642,31688,31755,31770,31811,31864,31910,31942,31969,32017,32048,32080,32112,32129,32143,32166,32191,32215,32248,32267,32292,32311,32343,32375,32392,32403,32445,32462,32495,32518,32535,32552,32570,32584,32602,32617,32656,32665,32679,32689,32708,32719,32734,32754,32765,32773,32780,32791,32801,32811,32817,32822,32831,32840,32847,32857,32874,32887,32895,32901,32910,32920,32932,32934,32937,32937,32950,32967,32972,32980,32987,32994,33005,33012,33021,33030,33039,33052,33059,33065,33073,33072,33091,33100,33104,33109,33109,33116,33116,33128,33141,33156,33163,33168,33170,33177,33181,33183,33188,33193,33202,33206,33215,33229,33233,33246,33266,33287,33290,33300,33317,33329,33353,33363,33371,33377,33379,33391,33403,33426,33441,33451,33466,33477,33497,33507,33522,33536,33549,33556,33565,33580,33600,33621,33643,33655,33668,33687,33698,33710,33743,33769,33785,33801,33821,33850,33876,33898,33926,33955,33976,33997,34033,34058,34103,34136,34186,34213,34233,34271,34310,34345,34388,34436,34472,34512,34581,34654,34728,34829
North Carolina,US,35.782169,-80.793457,0,0,0,0,0,0,0,0,0,0,0,0,0,0,0,0,0,0,0,0,0,0,0,0,0,0,0,0,0,0,0,0,0,0,0,0,0,0,0,0,0,0,0,0,0,0,0,0,0,0,0,0,0,0,0,0,0,0,0,0,0,0,0,2,2,3,4,7,7,8,15,18,27,33,38,48,54,63,75,84,87,90,107,113,132,148,172,185,192,210,241,265,281,293,305,325,336,361,381,406,419,430,432,442,470,493,513,530,551,564,575,600,625,641,667,676,684,693,719,726,745,775,778,784,790,801,841,867,919,929,937,948,961,999,1006,1015,1028,1032,1041,1068,1089,1106,1121,1127,1132,1140,1169,1181,1235,1250,1269,1272,1275,1294,1318,1332,1347,1353,1356,1366,1376,1394,1416,1420,1420,1425,1438,1459,1468,1491,1507,1523,1533,1551,1586,1604,1622,1634,1651,1667,1680,1699,1734,1749,1778,1803,1813,1823,1847,1888,1929,1952,1985,1999,2013,2039,2071,2115,2158,2183,2192,2192,2255,2255,2321,2321,2376,2376,2377,2438,2463,2487,2531,2545,2553,2575,2600,2635,2661,2684,2708,2718,2737,2782,2812,2834,2884,2924,2935,2936,2946,2992,3001,3035,3060,3066,3075,3127,3166,3198,3226,3255,3264,3269,3309,3340,3381,3409,3440,3441,3445,3494,3532,3579,3608,3629,3634,3637,3670,3693,3722,3747,3765,3770,3773,3816,3856,3874,3910,3929,3934,3939,3992,4032,4082,4114,4144,4157,4170,4211,4245,4283,4332,4378,4383,4390,4457,4507,4548,4582,4605,4607,4615,4660,4698,4706,4720,4756,4806,4814,4852,4898,4936,4979,5005,5034,5039,5074,5138,5172,5210,5219,5240,5261,5284,5366,5410
North Dakota,US,47.650589,-100.437012,0,0,0,0,0,0,0,0,0,0,0,0,0,0,0,0,0,0,0,0,0,0,0,0,0,0,0,0,0,0,0,0,0,0,0,0,0,0,0,0,0,0,0,0,0,0,0,0,0,0,0,0,0,0,0,0,0,0,0,0,0,0,0,0,0,1,1,1,2,3,3,3,3,3,3,3,4,4,5,6,7,8,8,9,9,9,9,9,10,13,13,14,15,15,16,17,19,19,19,19,23,24,25,25,25,31,31,33,35,35,36,38,40,40,42,42,43,44,45,49,51,52,52,53,54,54,56,57,59,60,61,61,65,66,66,71,72,72,72,72,73,74,74,74,74,74,74,74,75,76,76,77,77,78,78,78,78,78,79,79,79,80,80,80,80,80,80,84,85,85,85,87,87,87,88,88,89,90,90,92,93,94,96,97,99,99,99,99,100,102,103,103,103,105,105,107,108,109,110,112,112,113,118,120,120,121,121,125,126,128,130,130,132,135,136,137,138,138,139,139,141,142,143,143,148,150,150,155,156,156,156,157,160,164,167,168,170,172,177,182,184,192,192,193,196,203,212,219,227,231,234,239,247,257,266,275,280,289,296,304,310,321,336,339,345,357,365,370,388,399,404,408,412,422,431,440,448,456,461,476,488,499,512,524,531,540,555,567,596,613,628,639,644,674,686,697,707,726,736,743,769,785,795,818,834,840,846,883,887,897,902,915,920,927,954,966,977
Ohio,US,40.367474,-82.996216,0,0,0,0,0,0,0,0,0,0,0,0,0,0,0,0,0,0,0,0,0,0,0,0,0,0,0,0,0,0,0,0,0,0,0,0,0,0,0,0,0,0,0,0,0,0,0,0,0,0,0,0,0,0,0,0,0,0,2,3,3,6,8,11,15,19,25,29,39,55,65,81,91,102,119,142,167,193,213,231,247,253,274,324,361,389,418,451,471,509,557,610,656,690,711,728,753,799,937,975,1002,1021,1040,1058,1136,1225,1274,1306,1331,1341,1360,1438,1485,1537,1584,1614,1628,1660,1724,1781,1840,1879,1960,1976,1994,2012,2053,2110,2137,2150,2162,2214,2267,2309,2342,2363,2378,2385,2412,2429,2465,2490,2514,2554,2562,2578,2602,2617,2637,2672,2701,2704,2709,2740,2779,2795,2812,2824,2836,2850,2890,2901,2910,2932,2933,2935,2940,2979,2998,3006,3037,3041,3063,3069,3076,3083,3103,3119,3138,3178,3192,3223,3239,3268,3306,3308,3318,3351,3388,3422,3449,3495,3521,3537,3546,3577,3605,3628,3661,3669,3670,3675,3710,3738,3762,3790,3828,3831,3837,3876,3910,3932,3963,3988,3991,3999,4010,4054,4084,4112,4132,4138,4148,4174,4186,4232,4251,4260,4263,4280,4302,4329,4359,4406,4422,4426,4429,4511,4561,4586,4618,4622,4636,4642,4654,4702,4729,4747,4753,4764,4768,4800,4821,4832,4911,4930,4930,4936,4952,4975,4988,5000,5004,5006,5011,5024,5039,5044,5061,5074,5074,5082,5090,5142,5172,5189,5212,5221,5230,5245,5257,5272,5291,5301,5303,5340,5373,5428,5461,5494,5506,5517,5524,5547,5623,5658,5700,5714,5722,5742,5772,5827,5890,5955,5984,5996,6020,6118,6274,6310,6345,6378,6399,6429,6548,6671,6753
Oklahoma,US,36.084621,-96.921387,0,0,0,0,0,0,0,0,0,0,0,0,0,0,0,0,0,0,0,0,0,0,0,0,0,0,0,0,0,0,0,0,0,0,0,0,0,0,0,0,0,0,0,0,0,0,0,0,0,0,0,0,0,0,0,0,0,1,1,1,2,2,3,5,7,8,15,16,17,23,30,34,38,42,46,51,67,79,80,88,94,96,99,108,123,131,136,139,140,143,164,170,179,188,194,195,197,207,214,222,230,238,238,238,247,253,260,266,270,272,274,278,278,284,285,288,288,288,294,299,304,307,311,311,313,318,322,326,329,334,334,334,339,341,344,345,347,348,348,353,355,357,359,359,359,359,363,364,366,367,368,369,369,371,372,375,377,384,385,385,387,389,395,398,398,398,399,404,407,410,416,421,422,424,428,432,438,445,451,451,452,461,474,477,484,496,496,496,509,523,536,541,549,550,551,566,583,593,600,603,603,605,618,627,638,644,657,661,665,682,699,709,715,725,726,730,744,763,778,786,797,799,800,809,821,835,846,850,853,853,854,863,876,888,899,905,905,912,924,930,939,943,946,948,962,970,981,993,1004,1006,1007,1018,1031,1035,1044,1051,1052,1055,1066,1075,1085,1091,1095,1098,1104,1119,1132,1143,1154,1168,1171,1173,1191,1210,1221,1234,1245,1249,1251,1273,1286,1306,1326,1337,1345,1354,1375,1392,1413,1429,1438,1438,1444,1451,1470,1481,1493,1516,1528,1538,1544,1570,1588,1603,1624,1634,1649,1664,1680,1704,1704,1717,1736,1743,1758,1812,1836
Oregon,US,44,-120.5,0,0,0,0,0,0,0,0,0,0,0,0,0,0,0,0,0,0,0,0,0,0,0,0,0,0,0,0,0,0,0,0,0,0,0,0,0,0,0,0,0,0,0,0,0,0,0,0,0,0,0,0,0,1,1,1,3,3,3,4,4,5,5,8,11,11,13,13,16,18,19,21,22,26,27,29,33,38,44,48,51,52,53,55,58,64,70,72,74,75,78,78,83,86,87,91,92,99,101,103,104,109,109,109,113,115,121,124,127,127,130,130,134,137,137,137,137,138,140,144,145,147,147,148,148,148,148,151,151,153,153,154,157,159,159,161,163,164,164,169,169,171,173,174,174,180,182,183,187,188,189,190,192,192,195,197,202,202,202,204,207,208,209,209,213,215,215,220,224,230,232,232,234,237,244,247,249,254,257,260,262,269,271,273,282,282,289,289,303,311,316,322,325,326,328,333,338,339,348,355,356,357,368,375,383,385,386,388,388,397,408,412,414,417,417,420,427,433,438,447,454,458,459,465,468,470,475,480,481,482,486,494,497,499,505,509,511,519,521,521,521,525,526,529,532,537,539,542,546,547,547,555,559,560,563,571,572,572,581,583,594,597,599,599,599,605,608,611,617,620,620,628,633,635,646,649,653,653,655,664,671,673,675,689,691,692,701,705,710,716,729,730,734,737,742,746,753,759,761,765,778,788,808,812,819,820,826,847,867,882,885,896,905,912,936,953,973
Pennsylvania,US,41.203323,-77.194527,0,0,0,0,0,0,0,0,0,0,0,0,0,0,0,0,0,0,0,0,0,0,0,0,0,0,0,0,0,0,0,0,0,0,0,0,0,0,0,0,0,0,0,0,0,0,0,0,0,0,0,0,0,1,1,1,1,1,1,2,3,6,7,11,16,22,34,41,51,63,74,90,102,136,150,179,250,314,360,446,501,561,590,696,779,837,957,1102,1237,1348,1475,1574,1685,1736,1804,1823,1860,2060,2354,2541,2651,2776,2831,2850,3196,3347,3592,3717,3798,3823,3841,3918,4147,4294,4429,4489,4503,4668,4751,4822,4920,5061,5143,5165,5178,5194,5322,5425,5493,5560,5578,5598,5691,5768,5883,5969,6001,6010,6019,6086,6161,6205,6248,6279,6290,6322,6347,6388,6427,6456,6477,6482,6485,6527,6584,6616,6640,6660,6663,6672,6702,6741,6765,6797,6800,6804,6805,6841,6873,6904,6936,6953,6958,6963,6981,7023,7051,7068,7079,7084,7088,7106,7136,7164,7183,7187,7190,7194,7218,7240,7269,7281,7289,7293,7300,7321,7335,7364,7383,7394,7396,7400,7427,7470,7497,7535,7547,7554,7557,7587,7619,7633,7656,7669,7669,7672,7694,7710,7722,7741,7759,7757,7767,7784,7812,7825,7840,7856,7856,7874,7880,7901,7911,7932,7933,7933,7956,7961,7979,7994,8022,8044,8065,8085,8105,8144,8157,8165,8185,8188,8189,8204,8224,8242,8262,8278,8295,8308,8327,8355,8379,8394,8427,8432,8450,8464,8487,8502,8533,8543,8563,8571,8599,8638,8669,8703,8729,8738,8745,8768,8799,8837,8866,8888,8893,8899,8932,8973,9015,9059,9096,9100,9106,9164,9226,9282,9317,9364,9396,9410,9448,9558,9662,9766,9879,9917,9950,10034,10179,10294,10318,10358,10423,10468,10638,10825,11031
Rhode Island,US,41.700001,-71.5,0,0,0,0,0,0,0,0,0,0,0,0,0,0,0,0,0,0,0,0,0,0,0,0,0,0,0,0,0,0,0,0,0,0,0,0,0,0,0,0,0,0,0,0,0,0,0,0,0,0,0,0,0,0,0,0,0,0,1,1,1,1,1,1,1,1,3,4,6,9,11,12,16,19,28,30,37,42,52,59,70,82,91,100,108,125,139,160,175,186,196,214,232,247,262,276,290,300,322,340,364,378,402,423,441,457,478,499,521,536,550,565,587,600,615,629,644,654,672,683,705,725,736,749,757,767,782,792,800,812,824,827,832,842,853,865,876,882,886,890,891,895,901,903,906,909,914,922,928,935,938,942,944,946,953,958,959,960,965,971,972,976,977,980,983,985,987,991,993,993,993,996,999,1002,1003,1004,1004,1005,1007,1011,1013,1015,1016,1017,1017,1017,1020,1021,1022,1023,1023,1024,1025,1026,1028,1029,1031,1033,1033,1035,1036,1036,1037,1040,1041,1041,1044,1044,1050,1052,1057,1057,1060,1062,1063,1064,1065,1066,1067,1069,1071,1073,1075,1076,1078,1080,1083,1084,1085,1086,1087,1089,1090,1091,1091,1094,1094,1096,1098,1103,1103,1105,1109,1113,1115,1116,1116,1117,1118,1119,1119,1121,1122,1123,1125,1127,1129,1131,1135,1135,1137,1141,1144,1146,1152,1156,1163,1165,1167,1169,1171,1173,1174,1177,1180,1183,1186,1187,1189,1192,1196,1199,1203,1207,1210,1214,1219,1220,1224,1227,1232,1233,1237,1240,1246,1253,1258,1260,1270,1277,1282,1287,1294,1299,1305,1311,1322,1332,1342,1348,1359,1363,1365,1373,1380,1391,1400
South Carolina,US,33.836082,-81.163727,0,0,0,0,0,0,0,0,0,0,0,0,0,0,0,0,0,0,0,0,0,0,0,0,0,0,0,0,0,0,0,0,0,0,0,0,0,0,0,0,0,0,0,0,0,0,0,0,0,0,0,0,0,0,1,2,3,3,1,3,3,5,5,7,9,13,15,16,18,22,26,31,34,40,44,48,51,63,67,72,80,82,87,97,107,109,116,119,120,124,135,140,150,157,166,174,177,192,232,244,256,267,275,283,296,305,316,320,330,331,346,355,362,371,380,380,385,391,399,407,416,419,425,435,440,446,466,470,483,487,494,500,501,518,525,538,545,546,557,568,575,588,593,599,600,602,607,617,621,639,644,653,659,673,683,693,694,711,716,720,739,766,784,793,813,820,827,846,884,905,929,951,961,972,993,998,1070,1096,1135,1155,1164,1221,1285,1334,1385,1465,1491,1506,1565,1615,1667,1712,1751,1777,1793,1847,1894,1943,1962,2007,2031,2049,2098,2144,2186,2204,2260,2269,2288,2343,2360,2401,2459,2493,2504,2511,2529,2573,2628,2655,2698,2709,2720,2757,2794,2807,2846,2877,2887,2907,2912,2942,2975,3028,3040,3064,3077,3098,3132,3158,3177,3188,3199,3212,3243,3262,3279,3297,3323,3326,3337,3359,3378,3400,3409,3442,3453,3456,3473,3502,3514,3530,3551,3552,3559,3576,3593,3607,3615,3637,3650,3661,3696,3708,3755,3777,3793,3802,3823,3842,3876,3889,3896,3935,3936,3946,3968,3985,3992,4005,4015,4036,4041,4062,4076,4084,4101,4110,4112,4143,4156,4182,4201,4231,4274,4283,4288,4313,4317,4317,4346,4346,4353,4381,4404,4444,4466
South Dakota,US,44.5,-100,0,0,0,0,0,0,0,0,0,0,0,0,0,0,0,0,0,0,0,0,0,0,0,0,0,0,0,0,0,0,0,0,0,0,0,0,0,0,0,0,0,0,0,0,0,0,0,0,0,1,1,1,1,1,1,1,1,1,1,1,1,1,1,1,1,1,1,1,1,1,2,2,2,2,4,4,6,6,6,6,6,6,6,6,6,7,7,7,7,7,8,9,9,10,10,11,11,11,13,17,21,21,21,21,24,29,31,31,34,34,34,39,39,43,44,44,44,44,46,46,48,50,50,50,50,50,54,54,59,62,62,62,62,62,64,65,65,65,65,68,69,73,74,75,75,75,77,78,78,81,81,81,81,83,84,87,88,91,91,91,91,93,97,97,97,97,97,98,98,101,107,109,109,109,109,111,115,116,116,118,118,118,119,121,122,122,123,123,123,129,129,130,134,135,135,136,137,141,144,146,146,146,146,147,148,150,152,153,153,154,155,157,159,160,161,161,161,162,162,165,167,167,167,167,169,169,170,173,173,173,173,173,177,177,183,184,184,184,192,193,198,200,202,202,202,202,210,216,218,218,218,223,223,236,237,248,248,248,248,258,272,277,286,286,288,288,291,304,307,315,323,323,330,333,347,356,366,375,375,375,384,403,415,425,437,438,446,460,482,510,523,536,537,540,567,567,568,621,644,644,644,674,705,741,777,819,819,821,849,849,888,942,943,946,948,995,1033
Tennessee,US,35.860119,-86.660156,0,0,0,0,0,0,0,0,0,0,0,0,0,0,0,0,0,0,0,0,0,0,0,0,0,0,0,0,0,0,0,0,0,0,0,0,0,0,0,0,0,0,0,0,0,0,0,0,0,0,0,0,0,0,0,0,0,0,0,1,2,2,2,3,3,6,7,7,13,23,25,32,37,43,44,65,72,79,94,98,101,101,109,124,135,141,142,145,148,152,157,166,168,168,178,181,184,188,195,199,204,209,210,219,226,239,239,241,242,243,251,265,273,287,290,295,298,301,305,309,313,315,329,336,338,343,353,356,360,364,364,367,381,388,401,408,417,418,421,435,436,441,468,472,475,483,493,497,509,515,524,526,531,542,556,567,577,584,584,592,604,609,620,633,637,646,653,665,685,710,723,738,741,749,767,783,796,815,838,843,847,871,888,925,938,964,967,978,999,1020,1033,1060,1067,1073,1092,1117,1144,1186,1206,1215,1223,1233,1271,1289,1313,1326,1345,1366,1387,1426,1452,1488,1549,1563,1567,1588,1628,1648,1673,1701,1725,1747,1754,1781,1797,1815,1837,1862,1865,1869,1896,1931,1988,2025,2064,2078,2097,2127,2151,2164,2196,2216,2218,2233,2261,2275,2310,2352,2374,2377,2389,2420,2454,2501,2515,2560,2577,2597,2621,2642,2705,2732,2758,2767,2774,2797,2828,2864,2871,2903,2909,2922,2952,2970,3011,3076,3100,3131,3163,3207,3241,3263,3341,3353,3353,3379,3454,3478,3509,3541,3590,3595,3610,3672,3761,3788,3852,3877,3893,3923,3995,4048,4128,4202,4211,4266,4301,4374,4466,4519,4526,4541,4554,4602,4638,4688,4781
Texas,US,31,-100,0,0,0,0,0,0,0,0,0,0,0,0,0,0,0,0,0,0,0,0,0,0,0,0,0,0,0,0,0,0,0,0,0,0,0,0,0,0,0,0,0,0,0,0,0,0,0,0,0,0,0,0,0,0,0,1,3,5,5,5,6,9,12,15,21,28,32,41,44,61,65,84,106,122,147,167,185,216,246,275,296,308,327,383,417,450,489,523,557,564,590,615,644,672,717,732,752,772,838,897,950,978,994,1024,1075,1127,1153,1209,1245,1270,1292,1321,1364,1410,1466,1502,1524,1534,1571,1595,1666,1695,1712,1721,1729,1753,1797,1821,1856,1884,1892,1907,1947,1984,20,2051,2072,2079,2096,2123,2154,2182,2206,2232,2240,2262,2314,2362,2404,2439,2461,2471,2489,2526,2573,2619,2656,2700,2711,2735,2801,2852,2901,2941,2972,3003,3075,3173,3313,3436,3553,3645,3685,3779,3932,4108,4261,4447,4533,4598,4731,4921,5151,5393,5588,5742,5839,5936,6121,6434,7141,7425,7605,7638,7794,8052,8286,8548,8819,9016,9113,9209,9426,9671,9966,10250,10447,10560,10659,10873,11116,11327,11553,11722,11812,11871,12077,12278,12499,12667,12788,12855,12908,13061,13244,13433,13561,13696,13777,13819,13895,14021,14186,14332,14437,14504,14569,14717,14860,14958,15078,15172,15206,15254,15361,15491,15629,15726,15826,15861,15923,16023,16132,16251,16345,16480,16505,16564,16664,16783,16886,16992,17055,17083,17110,17196,17308,17393,17491,17554,17582,17599,17680,17786,17878,17954,18026,18066,18118,18192,18289,18402,18507,18581,18614,18662,18754,18904,19030,19154,19247,19286,19330,19453,19573,19730,19946,20064,20140,20218,20335,20540,20766,20955,21088,21165,21222,21417,21610,21785,21834,21918,21972,22057,22293,22505,22729
Utah,US,39.41922,-111.950684,0,0,0,0,0,0,0,0,0,0,0,0,0,0,0,0,0,0,0,0,0,0,0,0,0,0,0,0,0,0,0,0,0,0,0,0,0,0,0,0,0,0,0,0,0,0,0,0,0,0,0,0,0,0,0,0,0,0,0,0,1,1,1,1,1,2,2,2,4,5,7,7,7,8,8,13,13,13,13,17,18,18,18,19,20,21,23,25,27,28,32,34,35,39,41,41,41,45,45,46,46,49,50,50,56,58,61,61,66,67,68,73,75,75,77,78,80,80,88,90,92,93,97,97,98,101,105,106,107,112,113,113,113,117,117,120,121,121,124,127,128,131,139,139,139,143,145,149,152,155,155,158,158,163,163,164,166,167,167,168,172,173,176,181,181,184,190,194,201,205,207,212,215,216,226,233,234,235,243,243,247,251,260,267,273,274,274,281,286,292,300,304,310,311,314,321,327,330,335,335,336,345,349,351,353,360,363,363,364,369,377,381,383,385,385,390,397,401,403,407,407,407,407,409,410,414,419,420,422,423,424,427,430,431,433,433,436,436,437,437,437,440,440,441,443,444,444,448,448,453,453,457,459,459,474,476,478,482,488,496,501,505,510,517,522,522,527,529,537,540,543,546,551,557,563,567,568,572,574,578,588,598,601,604,614,614,620,625,632,649,658,659,661,672,678,687,701,710,718,723,732,740,756,773,787,793,797,808,834,834,849,863,868,871,890,906,917
Vermont,US,44,-72.699997,0,0,0,0,0,0,0,0,0,0,0,0,0,0,0,0,0,0,0,0,0,0,0,0,0,0,0,0,0,0,0,0,0,0,0,0,0,0,0,0,0,0,0,0,0,0,0,0,0,0,0,0,0,0,0,0,0,0,2,2,2,5,7,8,9,10,12,12,12,13,16,17,17,20,22,23,23,23,23,24,25,27,28,29,30,35,35,38,38,38,40,40,43,44,46,46,47,47,47,49,50,51,52,52,52,52,53,53,53,53,53,53,53,53,53,53,54,54,54,54,54,54,54,54,54,54,54,55,55,55,55,55,55,55,55,55,55,55,55,55,55,55,55,55,55,55,55,55,56,56,56,56,56,56,56,56,56,56,56,56,56,56,56,56,56,56,56,56,56,56,56,56,56,56,56,56,56,56,56,56,56,56,56,56,56,56,56,56,56,56,57,57,57,57,57,57,57,58,58,58,58,58,58,58,58,58,58,58,58,58,58,58,58,58,58,58,58,58,58,58,58,58,58,58,58,58,58,58,58,58,58,58,58,58,58,58,58,58,58,58,58,58,58,58,58,58,58,58,58,58,58,58,58,58,58,58,58,58,58,58,58,58,58,58,58,58,58,58,58,58,58,58,58,58,58,58,58,58,58,58,58,58,58,58,58,58,58,58,58,58,59,59,59,59,59,59,59,59,59,59,59,60,61,62,63,63,63,64,64,64,67,67,67,69,72,74,75
Virginia,US,37.926868,-78.024902,0,0,0,0,0,0,0,0,0,0,0,0,0,0,0,0,0,0,0,0,0,0,0,0,0,0,0,0,0,0,0,0,0,0,0,0,0,0,0,0,0,0,0,0,0,0,0,0,0,0,0,0,1,1,2,2,2,2,2,2,3,7,7,9,13,14,17,22,25,27,34,41,46,51,51,54,63,75,109,121,130,141,149,154,195,208,231,258,277,300,324,349,372,410,436,448,458,492,522,552,581,616,660,684,713,713,769,812,827,839,850,891,927,955,977,1002,1009,1014,1041,1074,1099,1136,1159,1171,1208,1236,1281,1338,1358,1370,1375,1392,1407,1428,1445,1453,1460,1472,1477,1496,1514,1520,1534,1541,1546,1552,1570,1583,1586,1602,1607,1611,1620,1645,1661,1675,1700,1724,1732,1740,1763,1786,1816,1845,1849,1853,1853,1881,1905,1937,1958,1962,1966,1968,1977,1992,2007,2013,2025,2027,2031,2048,2051,2054,2067,2075,2078,2082,2095,2125,2141,2174,2215,2218,2218,2244,2274,2299,2317,2322,2326,2327,2344,2352,2363,2370,2381,2381,2385,2396,2410,2427,2436,2443,2467,2471,2494,2515,2527,2550,2568,2569,2580,2612,2641,2652,2662,2677,2678,2684,2686,2697,2708,2711,2722,2724,2743,2839,2884,2920,2949,2990,3015,3021,3060,3089,3113,3136,3144,3159,3172,3187,3208,3228,3250,3270,3273,3276,3291,3303,3328,3344,3354,3358,3361,3372,3381,3388,3408,3422,3433,3457,3485,3515,3524,3539,3578,3579,3581,3600,3616,3636,3643,3654,3655,3658,3666,3677,3677,3682,3704,3707,3713,3726,3741,3758,3785,3799,3800,3806,3835,3860,3896,3912,3938,3938,3942,3979,4008,4029,4044,4054,4058,4062,4093,4113,4147
Washington,US,47.751076,-120.740135,0,0,0,0,0,0,0,0,0,0,0,0,0,0,0,0,0,0,0,0,0,0,0,0,0,0,0,0,0,0,0,0,0,0,0,0,0,0,1,1,6,7,10,11,13,16,18,19,23,24,31,37,40,42,48,55,67,74,83,94,95,110,123,132,147,175,189,200,210,225,250,272,291,314,338,381,403,431,455,483,494,505,523,547,567,580,597,621,631,648,677,687,705,716,730,741,756,776,790,802,819,823,824,833,856,866,889,899,907,917,937,948,959,976,987,996,997,1000,1009,1016,1045,1047,1049,1057,1061,1064,1071,1082,1092,1099,1102,1108,1114,1117,1125,1135,1137,1137,1145,1155,1158,1171,1174,1187,1191,1194,1203,1205,1215,1215,1224,1235,1244,1251,1260,1266,1271,1276,1276,1286,1297,1304,1307,1317,1319,1324,1335,1348,1358,1372,1386,1386,1386,1399,1404,1425,1432,1442,1451,1454,1464,1474,1476,1488,1504,1506,1510,1526,1552,1555,1568,1573,1594,1594,1605,1627,1629,1657,1659,1693,1692,1701,1721,1726,1738,1757,1766,1781,1785,1810,1822,1837,1850,1857,1863,1867,1876,1880,1890,1905,1905,1905,1915,1931,1935,1945,1953,1953,1953,1953,1953,1978,1985,1991,1991,1991,2006,2015,20,2031,2037,2037,2037,2055,2070,2081,2080,2100,2100,2100,2103,2125,2128,2133,2145,2145,2144,2160,2169,2180,2187,2193,2193,2193,2195,2216,2226,2237,2244,2248,2248,2264,2284,2288,2291,2299,2299,2299,2330,2340,2354,2362,2366,2366,2366,2382,2406,2425,2439,2452,2449,2450,2473,2490,2487,2510,2530,2530,2531,2558,2583,2603,2614,2636,2636,2636,2671,2702,2718,2720,2723,2723,2723,2792,2815,2867,2917
West Virginia,US,39,-80.5,0,0,0,0,0,0,0,0,0,0,0,0,0,0,0,0,0,0,0,0,0,0,0,0,0,0,0,0,0,0,0,0,0,0,0,0,0,0,0,0,0,0,0,0,0,0,0,0,0,0,0,0,0,0,0,0,0,0,0,0,0,0,0,0,0,0,0,1,1,1,2,2,2,2,3,4,4,4,5,5,6,8,9,10,12,13,16,18,20,24,26,29,31,32,33,34,36,38,40,44,47,50,50,50,50,51,51,52,53,54,57,58,59,62,64,64,67,68,68,69,71,72,72,72,73,74,74,74,74,75,75,76,78,78,79,84,84,84,84,84,85,86,88,88,88,88,88,88,88,88,88,89,90,92,92,92,92,93,93,93,93,93,93,93,94,95,95,95,95,95,95,96,96,97,97,98,99,100,100,100,100,101,102,103,103,103,103,106,111,112,115,116,116,117,117,124,124,124,127,131,139,141,147,153,153,157,160,160,160,164,166,166,170,176,178,179,187,190,199,202,212,213,214,222,228,237,243,243,246,247,250,254,257,263,265,266,275,280,290,294,297,308,310,312,317,319,325,330,332,334,337,345,350,354,355,357,358,361,364,369,370,376,381,382,385,387,391,393,396,399,399,399,408,413,418,422,422,423,424,432,436,443,451,457,457,458,469,472,480,487,502,502,530,546,553,555,565,574,582,585,598,612,623,639,658,662,667,682,695,712,712,718,729,735,758,778,789
Wisconsin,US,44.5,-89.5,0,0,0,0,0,0,0,0,0,0,0,0,0,0,0,0,0,0,0,0,0,0,0,0,0,0,0,0,0,0,0,0,0,0,0,0,0,0,0,0,0,0,0,0,0,0,0,0,0,0,0,0,0,0,0,0,0,0,3,4,4,5,5,7,10,14,15,17,23,25,25,38,46,56,68,77,92,103,111,128,137,144,154,170,182,197,205,211,220,230,242,246,257,262,266,272,281,300,308,316,327,334,339,340,353,362,374,384,398,400,409,418,421,434,445,453,453,459,467,481,487,496,507,510,514,517,539,550,568,588,592,595,607,616,626,633,645,647,646,661,671,682,689,691,692,694,703,712,719,730,744,744,745,750,757,766,766,777,777,777,784,786,793,796,796,796,796,805,807,809,814,821,821,821,826,827,831,833,843,844,846,859,865,878,878,891,892,893,906,911,919,934,947,948,949,961,970,978,990,996,998,998,1006,1011,1018,1025,1038,1039,1039,1052,1060,1067,1068,1081,1081,1081,1094,1100,1111,1113,1119,1122,1122,1130,1142,1146,1153,1168,1168,1168,1168,1183,1193,1197,1209,1210,1210,1220,1228,1231,1238,1241,1242,1244,1251,1259,1265,1274,1281,1281,1283,1300,1327,1348,1353,1372,1377,1381,1399,1415,1424,1440,1458,1465,1474,1508,1536,1553,1574,1574,1588,1600,1633,1681,1703,1745,1770,1778,1788,1852,1897,1948,1972,2031,2047,2050,2102,2156,2194,2256,2301,2312,2329,2395,2457,2515,2573,2625,2637,2649,2741,2793,2876,2954,3005,3005,3011,3115,3178,3240,3257,3285,3307,3313,3420,3502,3562
Wyoming,US,43.07597,-107.290283,0,0,0,0,0,0,0,0,0,0,0,0,0,0,0,0,0,0,0,0,0,0,0,0,0,0,0,0,0,0,0,0,0,0,0,0,0,0,0,0,0,0,0,0,0,0,0,0,0,0,0,0,0,0,0,0,0,0,0,0,0,0,0,0,0,0,0,0,0,0,0,0,0,0,0,0,0,0,0,0,0,0,1,1,2,2,2,2,2,2,6,6,7,7,7,7,7,7,7,7,7,7,7,7,7,7,7,7,7,7,7,7,7,7,7,7,8,10,10,11,12,12,12,12,12,13,14,15,15,16,16,17,17,17,17,17,17,17,17,17,18,18,18,18,18,18,18,18,18,20,20,20,20,20,20,20,20,20,20,20,20,20,20,20,20,20,20,20,21,21,21,21,21,21,22,22,24,24,24,25,24,25,25,25,25,25,25,25,26,26,26,26,26,26,27,27,27,27,28,28,28,28,29,29,30,30,30,30,33,34,34,34,37,37,37,37,37,37,37,37,37,37,37,41,41,41,42,42,42,42,42,42,42,42,42,42,46,46,46,49,49,49,49,49,49,50,50,50,50,50,50,50,50,53,53,53,53,53,53,53,54,54,54,54,54,57,57,57,57,57,57,57,61,61,68,68,68,68,77,77,77,87,87,87,87,87,93,105,105,105,105,114,114,127,127,127,127,144,144,144,155,155,176,176,176,176,202,202,215,215,215,215,215,215,230,230,257
